{
  "IcoMoonType": "selection",
  "icons": [
    {
      "icon": {
        "paths": [
          "M1408 192l-640 640-640-640"
        ],
        "attrs": [
          {
            "fill": "none",
            "strokeLinejoin": "miter",
            "strokeLinecap": "butt",
            "strokeMiterlimit": "4",
            "strokeWidth": 256
          }
        ],
        "width": 1536,
        "isMulticolor": false,
        "isMulticolor2": false,
        "grid": 0,
        "tags": [
          "arrow-down"
        ],
        "colorPermutations": {
          "25025025015959591": [
            {
              "s": 0
            }
          ]
        }
      },
      "attrs": [
        {
          "fill": "none",
          "strokeLinejoin": "miter",
          "strokeLinecap": "butt",
          "strokeMiterlimit": "4",
          "strokeWidth": 256
        }
      ],
      "properties": {
        "order": 218,
        "id": 9,
        "name": "arrow-down",
        "prevSize": 32
      },
      "setIdx": 0,
      "setId": 18,
      "iconIdx": 0
    },
    {
      "icon": {
        "paths": [
          "M853.334 512h-682.665",
          "M426.666 768l-256.002-256 256.002-256"
        ],
        "attrs": [
          {
            "fill": "none",
            "strokeLinejoin": "round",
            "strokeLinecap": "round",
            "strokeMiterlimit": "4",
            "strokeWidth": 64
          },
          {
            "fill": "none",
            "strokeLinejoin": "round",
            "strokeLinecap": "round",
            "strokeMiterlimit": "4",
            "strokeWidth": 64
          }
        ],
        "isMulticolor": false,
        "isMulticolor2": false,
        "grid": 0,
        "tags": [
          "arrow-left"
        ],
        "colorPermutations": {
          "25025025015959591": [
            {
              "s": 0
            },
            {
              "s": 0
            }
          ]
        }
      },
      "attrs": [
        {
          "fill": "none",
          "strokeLinejoin": "round",
          "strokeLinecap": "round",
          "strokeMiterlimit": "4",
          "strokeWidth": 64
        },
        {
          "fill": "none",
          "strokeLinejoin": "round",
          "strokeLinecap": "round",
          "strokeMiterlimit": "4",
          "strokeWidth": 64
        }
      ],
      "properties": {
        "order": 217,
        "id": 8,
        "name": "arrow-left",
        "prevSize": 32
      },
      "setIdx": 0,
      "setId": 18,
      "iconIdx": 1
    },
    {
      "icon": {
        "paths": [
          "M170.664 512h682.667",
          "M597.334 256l256 256-256 256"
        ],
        "attrs": [
          {
            "fill": "none",
            "strokeLinejoin": "round",
            "strokeLinecap": "round",
            "strokeMiterlimit": "4",
            "strokeWidth": 64
          },
          {
            "fill": "none",
            "strokeLinejoin": "round",
            "strokeLinecap": "round",
            "strokeMiterlimit": "4",
            "strokeWidth": 64
          }
        ],
        "isMulticolor": false,
        "isMulticolor2": false,
        "grid": 0,
        "tags": [
          "arrow-right"
        ],
        "colorPermutations": {
          "25025025015959591": [
            {
              "s": 0
            },
            {
              "s": 0
            }
          ]
        }
      },
      "attrs": [
        {
          "fill": "none",
          "strokeLinejoin": "round",
          "strokeLinecap": "round",
          "strokeMiterlimit": "4",
          "strokeWidth": 64
        },
        {
          "fill": "none",
          "strokeLinejoin": "round",
          "strokeLinecap": "round",
          "strokeMiterlimit": "4",
          "strokeWidth": 64
        }
      ],
      "properties": {
        "order": 216,
        "id": 7,
        "name": "arrow-right",
        "prevSize": 32
      },
      "setIdx": 0,
      "setId": 18,
      "iconIdx": 2
    },
    {
      "icon": {
        "paths": [
          "M1408 832l-640-640-640 640"
        ],
        "attrs": [
          {
            "fill": "none",
            "stroke": "rgb(250, 250, 250)",
            "strokeLinejoin": "miter",
            "strokeLinecap": "butt",
            "strokeMiterlimit": "4",
            "strokeWidth": 256
          }
        ],
        "width": 1536,
        "isMulticolor": false,
        "isMulticolor2": false,
        "grid": 0,
        "tags": [
          "arrow-up"
        ],
        "colorPermutations": {
          "25025025015959591": [
            {
              "s": 1
            }
          ]
        }
      },
      "attrs": [
        {
          "fill": "none",
          "stroke": "rgb(250, 250, 250)",
          "strokeLinejoin": "miter",
          "strokeLinecap": "butt",
          "strokeMiterlimit": "4",
          "strokeWidth": 256
        }
      ],
      "properties": {
        "order": 215,
        "id": 6,
        "name": "arrow-up",
        "prevSize": 32
      },
      "setIdx": 0,
      "setId": 18,
      "iconIdx": 3
    },
    {
      "icon": {
        "paths": [
          "M545.186 640l-161.186-161.186",
          "M85.333 938.667c85.333 0 196.608 14.579 254.927-43.738 58.318-58.321 58.318-152.87 0-211.191-58.319-58.317-152.871-58.317-211.189 0-58.318 58.321 0 169.596-43.738 254.929z",
          "M341.331 682.667c-20.967-20.966-31.45-31.45-37.378-42.428-14.213-26.33-13.601-58.176 1.614-83.934 6.345-10.743 17.223-20.817 38.981-40.964l421.037-389.848c37.086-34.338 94.677-33.231 130.411 2.507 35.738 35.737 36.847 93.328 2.509 130.412l-389.85 421.037c-20.147 21.756-30.217 32.636-40.96 38.98-25.762 15.215-57.609 15.825-83.935 1.613-10.979-5.926-21.462-16.41-42.429-37.376z"
        ],
        "attrs": [
          {
            "stroke": "rgb(59, 59, 59)",
            "strokeLinejoin": "round",
            "strokeLinecap": "round",
            "strokeMiterlimit": "4",
            "strokeWidth": 85.33333333333333
          },
          {
            "stroke": "rgb(250, 250, 250)",
            "strokeLinejoin": "round",
            "strokeLinecap": "round",
            "strokeMiterlimit": "4",
            "strokeWidth": 85.33333333333333
          },
          {
            "stroke": "rgb(250, 250, 250)",
            "strokeLinejoin": "round",
            "strokeLinecap": "round",
            "strokeMiterlimit": "4",
            "strokeWidth": 85.33333333333333
          }
        ],
        "isMulticolor": false,
        "isMulticolor2": true,
        "grid": 0,
        "tags": [
          "brush"
        ],
        "colorPermutations": {
          "25025025015959591": [
            {
              "s": 0
            },
            {
              "s": 1
            },
            {
              "s": 1
            }
          ]
        }
      },
      "attrs": [
        {
          "stroke": "rgb(59, 59, 59)",
          "strokeLinejoin": "round",
          "strokeLinecap": "round",
          "strokeMiterlimit": "4",
          "strokeWidth": 85.33333333333333
        },
        {
          "stroke": "rgb(250, 250, 250)",
          "strokeLinejoin": "round",
          "strokeLinecap": "round",
          "strokeMiterlimit": "4",
          "strokeWidth": 85.33333333333333
        },
        {
          "stroke": "rgb(250, 250, 250)",
          "strokeLinejoin": "round",
          "strokeLinecap": "round",
          "strokeMiterlimit": "4",
          "strokeWidth": 85.33333333333333
        }
      ],
      "properties": {
        "order": 214,
        "id": 5,
        "name": "brush",
        "prevSize": 32
      },
      "setIdx": 0,
      "setId": 18,
      "iconIdx": 4
    },
    {
      "icon": {
        "paths": [
          "M774.938 85.333h-525.873c-19.733 0-35.731 15.997-35.731 35.731 0 113.717 45.174 222.776 125.584 303.186l52.019 52.020c5.166 5.163 7.749 7.748 9.597 10.227 11.28 15.13 11.28 35.874 0 51.004-1.849 2.479-4.432 5.065-9.597 10.227l-52.019 52.019c-80.41 80.41-125.584 189.47-125.584 303.189 0 19.733 15.997 35.729 35.731 35.729h525.873c19.733 0 35.729-15.996 35.729-35.729 0-113.719-45.175-222.78-125.585-303.189l-52.019-52.019c-5.163-5.163-7.748-7.748-9.596-10.227-11.281-15.13-11.281-35.874 0-51.004 1.847-2.479 4.433-5.065 9.596-10.227l52.019-52.020c80.41-80.41 125.585-189.469 125.585-303.186 0-19.733-15.996-35.731-35.729-35.731z"
        ],
        "attrs": [
          {
            "fill": "none",
            "stroke": "rgb(250, 250, 250)",
            "strokeLinejoin": "round",
            "strokeLinecap": "round",
            "strokeMiterlimit": "4",
            "strokeWidth": 85.33333333333333
          }
        ],
        "isMulticolor": false,
        "isMulticolor2": false,
        "grid": 0,
        "tags": [
          "hourglass"
        ],
        "colorPermutations": {
          "25025025015959591": [
            {
              "s": 1
            }
          ]
        }
      },
      "attrs": [
        {
          "fill": "none",
          "stroke": "rgb(250, 250, 250)",
          "strokeLinejoin": "round",
          "strokeLinecap": "round",
          "strokeMiterlimit": "4",
          "strokeWidth": 85.33333333333333
        }
      ],
      "properties": {
        "order": 213,
        "id": 4,
        "name": "hourglass",
        "prevSize": 32
      },
      "setIdx": 0,
      "setId": 18,
      "iconIdx": 5
    },
    {
      "icon": {
        "paths": [
          "M297.5 972.499c-52.917 0-100.417-9.376-142.5-28.122-42.084-19.168-75.417-47.085-100-83.75-24.583-36.672-36.875-81.254-36.875-133.754v-18.125h139.375v18.125c0 25.421 5.833 47.712 17.5 66.874 12.083 19.168 28.541 33.958 49.375 44.378 21.25 10.003 45.625 15.002 73.125 15.002 29.583 0 54.792-6.253 75.625-18.752s36.666-30.835 47.5-55.002c10.833-24.582 16.25-54.579 16.25-89.997v-660.626h139.375v660.626c0 59.584-11.459 110.624-34.375 153.126-22.5 42.080-54.584 74.374-96.25 96.87-41.667 22.086-91.042 33.126-148.125 33.126zM883.149 552.5l8.749-191.875-161.248 104.374-49.997-86.25 171.245-87.5-171.245-87.5 49.997-87.5 161.248 104.375-8.749-191.875h98.752l-8.749 191.875 161.248-104.375 50.003 87.5-171.251 87.5 171.251 87.5-50.003 86.25-161.248-104.374 8.749 191.875h-98.752z"
        ],
        "attrs": [
          {
            "fill": "rgb(250, 250, 250)"
          }
        ],
        "width": 1216,
        "isMulticolor": false,
        "isMulticolor2": false,
        "grid": 0,
        "tags": [
          "J"
        ],
        "colorPermutations": {
          "25025025015959591": [
            {
              "f": 1
            }
          ]
        }
      },
      "attrs": [
        {
          "fill": "rgb(250, 250, 250)"
        }
      ],
      "properties": {
        "order": 212,
        "id": 3,
        "name": "J",
        "prevSize": 32
      },
      "setIdx": 0,
      "setId": 18,
      "iconIdx": 6
    },
    {
      "icon": {
        "paths": [
          "M1790.157 485.053l7.487-157.954-138.011 85.923-42.797-71.002 146.577-72.031-146.577-72.031 42.797-72.031 138.011 85.923-7.487-157.954h84.522l-7.493 157.954 138.017-85.923 42.791 72.031-146.571 72.031 146.571 72.031-42.791 71.002-138.017-85.923 7.493 157.954h-84.522z",
          "M1478.813 229.053v90.688h-347.016v-90.688h347.016zM1226.385 808.424v-646.74c0-35.93 8.433-65.814 25.299-89.652 17.233-24.184 39.593-42.148 67.090-53.895 27.865-12.092 57.748-18.138 89.642-18.138 24.564 0 45.466 1.9 62.693 5.7 17.233 3.8 29.883 7.082 37.948 9.846l-28.594 91.207c-5.499-1.728-12.649-3.628-21.45-5.701-8.433-2.073-19.064-3.109-31.901-3.109-28.961 0-49.857 6.91-62.693 20.729-12.83 13.474-19.245 33.166-19.245 59.077v630.675h-118.79z",
          "M1155.445 229.053v90.688h-347.022v-90.688h347.022zM903.017 808.424v-646.74c0-35.93 8.433-65.814 25.299-89.652 17.227-24.184 39.593-42.148 67.090-53.895 27.865-12.092 57.748-18.138 89.642-18.138 24.564 0 45.466 1.9 62.693 5.7 17.233 3.8 29.883 7.082 37.948 9.846l-28.6 91.207c-5.499-1.728-12.643-3.628-21.444-5.701-8.433-2.073-19.064-3.109-31.901-3.109-28.961 0-49.857 6.91-62.693 20.729-12.83 13.474-19.245 33.166-19.245 59.077v630.675h-118.79z",
          "M553.323 808.424c-58.226 0-108.642-12.149-151.246-36.448-42.604-24.293-75.445-58.513-98.523-102.653-22.722-44.484-34.084-96.328-34.084-155.526 0-58.857 11.184-110.698 33.551-155.525 22.723-44.827 54.498-79.73 95.328-104.71 41.185-25.322 89.469-37.983 144.856-37.983 33.728 0 66.394 5.304 97.988 15.912 31.599 10.607 60.006 27.375 85.209 50.302 25.208 22.926 45.092 52.697 59.651 89.311 14.908 36.614 22.365 80.757 22.365 132.427v40.036h-473.443v-83.665h413.798l-53.79 27.717c0-35.245-5.68-66.385-17.041-93.418s-28.401-48.077-51.128-63.134c-22.365-15.399-50.236-23.098-83.61-23.098s-61.954 7.699-85.742 23.098c-23.432 15.399-41.362 35.759-53.788 61.081s-18.639 53.039-18.639 83.152v56.974c0 39.352 7.101 72.717 21.302 100.088 14.202 27.377 33.906 48.248 59.114 62.621 25.563 14.372 55.209 21.558 88.937 21.558 22.012 0 41.895-3.078 59.644-9.234 18.107-6.162 33.732-15.402 46.869-27.72s23.076-27.546 29.822-45.682l109.707 20.016c-8.879 30.798-24.498 57.832-46.863 81.101-22.371 23.269-50.598 41.406-84.679 54.411-33.732 12.661-72.251 18.992-115.566 18.992z",
          "M92.102 224.374h109.308v620.022c0.337 38.87-6.41 71.668-20.242 98.394-13.832 26.72-34.075 46.851-60.726 60.386-26.652 13.884-59.377 20.823-98.175 20.823h-22.266v-97.352h17.712c26.315 0 45.207-7.114 56.678-21.341s17.374-34.708 17.712-61.428v-619.504zM146.249 134.832c-19.23 0-35.592-6.594-49.087-19.782s-20.242-28.98-20.242-47.374c0-18.741 6.747-34.706 20.242-47.894s29.857-19.782 49.087-19.782c18.893 0 35.086 6.594 48.581 19.782 13.832 13.188 20.749 29.153 20.749 47.894 0 18.394-6.916 34.185-20.749 47.374-13.495 13.188-29.688 19.782-48.581 19.782z"
        ],
        "attrs": [
          {
            "fill": "rgb(250, 250, 250)"
          },
          {
            "fill": "rgb(250, 250, 250)"
          },
          {
            "fill": "rgb(250, 250, 250)"
          },
          {
            "fill": "rgb(250, 250, 250)"
          },
          {
            "fill": "rgb(250, 250, 250)"
          }
        ],
        "width": 2048,
        "isMulticolor": false,
        "isMulticolor2": false,
        "grid": 0,
        "tags": [
          "jefferson"
        ],
        "colorPermutations": {
          "25025025015959591": [
            {
              "f": 1
            },
            {
              "f": 1
            },
            {
              "f": 1
            },
            {
              "f": 1
            },
            {
              "f": 1
            }
          ]
        }
      },
      "attrs": [
        {
          "fill": "rgb(250, 250, 250)"
        },
        {
          "fill": "rgb(250, 250, 250)"
        },
        {
          "fill": "rgb(250, 250, 250)"
        },
        {
          "fill": "rgb(250, 250, 250)"
        },
        {
          "fill": "rgb(250, 250, 250)"
        }
      ],
      "properties": {
        "order": 211,
        "id": 2,
        "name": "jefferson",
        "prevSize": 32
      },
      "setIdx": 0,
      "setId": 18,
      "iconIdx": 7
    },
    {
      "icon": {
        "paths": [
          "M260.026 479.095c-2.652-17.092-4.028-34.598-4.028-52.429 0-188.513 153.826-341.333 343.579-341.333 189.751 0 343.578 152.82 343.578 341.333 0 42.586-7.846 83.349-22.187 120.939-2.978 7.808-4.471 11.712-5.146 14.758-0.67 3.021-0.93 5.146-1.003 8.239-0.073 3.119 0.35 6.558 1.199 13.431l17.173 139.529c1.86 15.104 2.79 22.656 0.277 28.147-2.202 4.813-6.11 8.631-10.97 10.722-5.547 2.385-13.077 1.28-28.134-0.926l-135.902-19.921c-7.1-1.041-10.645-1.562-13.879-1.54-3.196 0.017-5.406 0.252-8.538 0.909-3.162 0.666-7.202 2.18-15.279 5.205-37.687 14.118-78.532 21.841-121.19 21.841-17.843 0-35.366-1.353-52.476-3.955M325.614 938.667c126.503 0 229.053-105.062 229.053-234.667s-102.549-234.667-229.053-234.667c-126.502 0-229.053 105.062-229.053 234.667 0 26.052 4.144 51.11 11.793 74.526 3.233 9.899 4.85 14.848 5.381 18.227 0.554 3.533 0.651 5.513 0.445 9.079-0.198 3.418-1.053 7.279-2.762 15.002l-26.084 117.833 127.778-17.451c6.975-0.951 10.462-1.429 13.507-1.408 3.206 0.021 4.908 0.196 8.053 0.823 2.986 0.593 7.426 2.159 16.305 5.295 23.395 8.256 48.505 12.74 74.637 12.74z"
        ],
        "attrs": [
          {
            "fill": "none",
            "strokeLinejoin": "round",
            "strokeLinecap": "round",
            "strokeMiterlimit": "4",
            "strokeWidth": 85.33333333333333
          }
        ],
        "isMulticolor": false,
        "isMulticolor2": false,
        "grid": 0,
        "tags": [
          "message"
        ],
        "colorPermutations": {
          "25025025015959591": [
            {
              "s": 0
            }
          ]
        }
      },
      "attrs": [
        {
          "fill": "none",
          "strokeLinejoin": "round",
          "strokeLinecap": "round",
          "strokeMiterlimit": "4",
          "strokeWidth": 85.33333333333333
        }
      ],
      "properties": {
        "order": 209,
        "id": 1,
        "name": "message",
        "prevSize": 32
      },
      "setIdx": 0,
      "setId": 18,
      "iconIdx": 8
    },
    {
      "icon": {
        "paths": [
          "M853.333 896c0-59.546 0-89.314-7.347-113.54-16.546-54.545-59.234-97.233-113.779-113.779-24.226-7.347-53.995-7.347-113.54-7.347h-213.333c-59.544 0-89.316 0-113.542 7.347-54.545 16.546-97.23 59.234-113.776 113.779-7.349 24.226-7.349 53.995-7.349 113.54",
          "M512 512c106.039 0 192-85.961 192-192s-85.961-192-192-192c-106.039 0-192 85.961-192 192s85.961 192 192 192z"
        ],
        "attrs": [
          {
            "fill": "none",
            "strokeLinejoin": "round",
            "strokeLinecap": "round",
            "strokeMiterlimit": "4",
            "strokeWidth": 85.33333333333333
          },
          {
            "fill": "none",
            "strokeLinejoin": "round",
            "strokeLinecap": "round",
            "strokeMiterlimit": "4",
            "strokeWidth": 85.33333333333333
          }
        ],
        "isMulticolor": false,
        "isMulticolor2": false,
        "grid": 0,
        "tags": [
          "user"
        ],
        "colorPermutations": {}
      },
      "attrs": [
        {
          "fill": "none",
          "strokeLinejoin": "round",
          "strokeLinecap": "round",
          "strokeMiterlimit": "4",
          "strokeWidth": 85.33333333333333
        },
        {
          "fill": "none",
          "strokeLinejoin": "round",
          "strokeLinecap": "round",
          "strokeMiterlimit": "4",
          "strokeWidth": 85.33333333333333
        }
      ],
      "properties": {
        "order": 210,
        "id": 0,
        "name": "user",
        "prevSize": 32
      },
      "setIdx": 0,
      "setId": 18,
      "iconIdx": 9
    }
  ],
  "height": 1024,
  "preferences": {
    "showGlyphs": true,
    "showCodes": true,
    "showQuickUse": true,
    "showQuickUse2": true,
    "showSVGs": true,
    "fontPref": {
      "prefix": "icon-",
      "metadata": {},
      "metrics": {
        "emSize": 1024,
        "baseline": 6.25,
        "whitespace": 50
      },
      "hideFormats": true,
      "embed": false
    },
    "imagePref": {
      "prefix": "icon-",
      "png": false,
      "useClassSelector": true,
      "color": 0,
      "bgColor": 16777215,
      "name": "icons",
      "classSelector": ".icon",
      "height": 32,
      "columns": 16,
      "margin": 16,
      "addTitleTags": false,
      "postfix": ""
    },
    "historySize": 50,
    "gridSize": 16
  }
}